{"loss": 0.6935612559318542, "acc": 0.49262499809265137}