{"loss": 0.14838585257530212, "acc": 0.937125027179718}